service_id;service_date;serviced_device;service_technician;service_description
1;16.05.2020;1;John Doe;Routine maintenance
2;01.03.2020;2;Jane Smith;Software update
3;12.04.2023;3;Bob Johnson;Hardware repair
4;06.06.2021;4;Alice Brown;Network configuration
5;20.09.2021;5;Charlie Wilson;Diagnostic testing
6;10.08.2020;6;Eva Davis;Component replacement
7;08.05.2022;7;Frank Miller;System optimization
8;12.11.2021;8;Grace Wilson;Firmware upgrade
9;29.01.2023;9;Henry Taylor;Data recovery
10;28.05.2021;10;Ivy Clark;Security audit
11;04.11.2022;11;Jack Brown;Preventive maintenance
12;13.04.2021;12;Kelly Evans;Software installation
13;17.05.2021;13;Leo White;Troubleshooting
14;13.07.2019;14;Mia Anderson;System backup
15;13.05.2020;15;Nick Taylor;Hardware upgrade
16;24.02.2021;16;Olivia Moore;Network maintenance
17;10.11.2021;17;Paul Davis;Component testing
18;08.11.2021;18;Quinn Miller;System configuration
19;30.06.2019;19;Ryan Johnson;Firmware update
20;27.04.2021;20;Sara White;Data migration
21;22.02.2023;21;Tom Clark;Security patch installation
22;09.09.2019;22;Ursula Wilson;Routine checkup
23;14.01.2020;23;Victor Brown;Software troubleshooting
24;02.06.2020;24;Wendy Taylor;Hardware diagnostics
25;22.11.2021;25;Xander Davis;Network optimization
26;01.11.2022;26;Yvonne Clark;Component replacement
27;17.06.2021;27;Zack Miller;System update
28;30.03.2023;28;Amy White;Firmware upgrade
29;25.04.2020;29;Benjamin Brown;Data recovery
30;24.01.2020;30;Chloe Taylor;Security audit
31;18.09.2022;31;David Clark;Preventive maintenance
32;26.12.2019;32;Emily Evans;Software installation
33;10.05.2021;33;Felix White;Troubleshooting
34;29.11.2022;34;Gina Miller;System backup
35;08.11.2019;35;Harry Taylor;Hardware upgrade
36;08.04.2021;36;Isabel Clark;Network maintenance
37;21.05.2021;37;Jake Davis;Component testing
38;20.01.2020;38;Kylie Moore;System configuration
39;06.04.2021;39;Liam Johnson;Firmware update
40;21.02.2020;40;Megan White;Data migration
41;05.08.2021;41;Nathan Brown;Security patch installation
42;15.09.2022;42;Olivia Taylor;Routine checkup
43;24.06.2020;43;Patrick Clark;Software troubleshooting
44;04.08.2019;44;Quincy Wilson;Hardware diagnostics
45;26.10.2021;45;Rachel Davis;Network optimization
46;05.09.2021;46;Samuel Miller;Component replacement
47;02.11.2022;47;Tina White;System update
48;11.12.2021;48;Ulysses Brown;Firmware upgrade
49;28.09.2019;49;Violet Taylor;Data recovery
50;30.11.2019;50;Walter Clark;Security audit
51;27.01.2021;1;Xena Evans;Preventive maintenance
52;12.11.2020;2;Yasmine White;Software installation
53;24.12.2023;3;Zane Miller;Troubleshooting
54;17.02.2022;4;Abby Taylor;System backup
55;03.06.2022;5;Bryan Clark;Hardware upgrade
56;23.04.2021;6;Cynthia Davis;Network maintenance
57;19.01.2023;7;Derek Miller;Component testing
58;26.07.2022;8;Ella White;System configuration
59;12.10.2023;9;Finn Brown;Firmware update
60;08.02.2022;10;Gemma Taylor;Data migration
61;18.07.2023;11;Hugo Clark;Security patch installation
62;25.12.2021;12;Isla Evans;Routine checkup
63;28.01.2022;13;Jasper White;Software troubleshooting
64;25.03.2020;14;Kira Miller;Hardware diagnostics
65;24.01.2021;15;Logan Davis;Network optimization
66;07.11.2021;16;Molly Wilson;Component replacement
67;24.07.2022;17;Nolan Brown;System update
68;22.07.2022;18;Olive Taylor;Firmware upgrade
69;12.03.2020;19;Percy Clark;Data recovery
70;08.01.2022;20;Quincy Evans;Security audit
71;05.11.2023;21;Ruby White;Preventive maintenance
72;22.05.2020;22;Seth Miller;Software installation
73;26.09.2020;23;Tessa Brown;Troubleshooting
74;13.02.2021;24;Uriel Taylor;System backup
75;05.08.2022;25;Vera Davis;Hardware upgrade
76;15.07.2023;26;Wyatt Clark;Network maintenance
77;28.02.2022;27;Xavier Evans;Component testing
78;11.12.2023;28;Yara White;System configuration
79;06.01.2021;29;Zachary Miller;Firmware update
80;06.10.2020;30;Alice Taylor;Data migration
81;01.06.2023;31;Bob Clark;Security patch installation
82;07.09.2020;32;Cindy Evans;Routine checkup
83;21.01.2022;33;David White;Software troubleshooting
84;12.08.2023;34;Emma Miller;Hardware diagnostics
85;21.07.2020;35;Frank Davis;Network optimization
86;20.12.2021;36;Grace Clark;Component replacement
87;01.02.2022;37;Henry Evans;System update
88;02.10.2020;38;Ivy White;Firmware upgrade
89;18.12.2021;39;Jack Miller;Data recovery
90;03.11.2020;40;Kelly Taylor;Security audit
91;18.04.2022;41;Leo Clark;Preventive maintenance
92;29.05.2023;42;Mia Evans;Software installation
93;07.03.2021;43;Nathan White;Troubleshooting
94;16.04.2020;44;Olivia Miller;System backup
95;09.07.2022;45;Patrick Davis;Hardware upgrade
96;19.05.2022;46;Quinn Clark;Network maintenance
97;16.07.2023;47;Ryan Evans;Component testing
98;24.08.2022;48;Sara White;System configuration
99;10.06.2020;49;Tom Miller;Firmware update
100;12.08.2020;50;Ursula Clark;Data migration
